antecedents,consequents,antecedent support,consequent support,support,confidence,lift,representativity,leverage,conviction,zhangs_metric,jaccard,certainty,kulczynski
"frozenset({'day_type=weekend', 'time_band=night', 'temp_band=freezing'})",frozenset({'congestion_level=Low'}),0.023684534812076403,0.25000616142945165,0.022427603203943314,0.946930280957336,3.7876277750240446,1.0,0.016506323570333874,14.1322368405156,0.7538367776515906,0.08925944090240315,0.9292397932977525,0.5183192414250403
"frozenset({'day_type=weekend', 'weather_band=adverse_weather', 'time_band=night'})",frozenset({'congestion_level=Low'}),0.023142329020332718,0.25000616142945165,0.02099815157116451,0.9073482428115016,3.629303524455508,1.0,0.015212426726253725,8.094761085261437,0.7416280405208524,0.0832763170755547,0.8764633088651926,0.4956693895445521
"frozenset({'temp_band=cool', 'day_type=weekday', 'time_band=morning_peak'})",frozenset({'congestion_level=Severe'}),0.04263709180529883,0.24995686999383857,0.03854590264941466,0.9040462427745664,3.616808943066262,1.0,0.027888468636122224,7.816714547654564,0.755735546777655,0.15172681412495148,0.8720690139183791,0.5291282288611542
"frozenset({'temp_band=cool', 'day_type=weekday', 'weather_band=fair_weather', 'time_band=morning_peak'})",frozenset({'congestion_level=Severe'}),0.026444855206407887,0.24995686999383857,0.02385705483672212,0.902143522833178,3.609196750044981,1.0,0.017246981601888138,7.664726461872487,0.7425671197315671,0.09446667317263589,0.8695321998802681,0.4987941041497777
"frozenset({'day_type=weekend', 'time_band=night'})",frozenset({'congestion_level=Low'}),0.07179297597042514,0.25000616142945165,0.06434996919285274,0.8963268108479231,3.5852188830988245,1.0,0.046401282852889886,7.234212091907309,0.776849326878776,0.24995213478843578,0.861767945521162,0.5768601719854758
"frozenset({'day_type=weekend', 'weather_band=fair_weather', 'time_band=night'})",frozenset({'congestion_level=Low'}),0.04865064695009242,0.25000616142945165,0.04335181762168823,0.8910840932117527,3.5642485293835633,1.0,0.031188856126636164,6.885989941108195,0.7562268775670697,0.16980403513852688,0.8547775979122233,0.5322435450285893
"frozenset({'temp_band=cool', 'time_band=night', 'day_type=weekend'})",frozenset({'congestion_level=Low'}),0.026025878003696858,0.25000616142945165,0.023166974738139248,0.8901515151515151,3.5605183090765697,1.0,0.016660344880603795,6.827530116642232,0.7383584411053556,0.09161793372319686,0.8535341502833533,0.4914085651467355
"frozenset({'temp_band=warm', 'day_type=weekday', 'weather_band=fair_weather', 'time_band=late_evening'})",frozenset({'congestion_level=Moderate'}),0.035884165126309306,0.25000616142945165,0.03157116451016636,0.8798076923076923,3.5191440373999026,1.0,0.022599902130837176,6.239948736906961,0.7424833878747725,0.12413993604031397,0.8397422731880193,0.5030446190245086
"frozenset({'temp_band=warm', 'day_type=weekday', 'weather_band=fair_weather', 'time_band=night'})",frozenset({'congestion_level=Low'}),0.03203943314849045,0.25000616142945165,0.028145409735058535,0.8784615384615385,3.5137595547197282,1.0,0.020135354039228906,6.170835380643755,0.739084389676726,0.11085226169675791,0.8379473866477252,0.4955202014074254
"frozenset({'temp_band=warm', 'time_band=midday', 'weather_band=fair_weather', 'day_type=weekend'})",frozenset({'congestion_level=High'}),0.02568083795440542,0.25003080714725817,0.02252618607516944,0.8771593090211133,3.508204924941515,1.0,0.01610518543321151,6.105217960566853,0.7337984979006266,0.08897108926311692,0.836205683980666,0.4836264756046917
"frozenset({'temp_band=warm', 'weather_band=fair_weather', 'time_band=late_evening'})",frozenset({'congestion_level=Moderate'}),0.05099199014171288,0.25000616142945165,0.044337646333949474,0.8695021749637505,3.4779229839465864,1.0,0.0315893346149714,5.74717500741653,0.7507545368715521,0.1727482235452276,0.8260014705121151,0.5234241947373958
"frozenset({'temp_band=warm', 'time_band=midday', 'day_type=weekend'})",frozenset({'congestion_level=High'}),0.03159581022797289,0.25003080714725817,0.02743068391866913,0.8681747269890795,3.472271024897181,1.0,0.019530757984897472,5.68911541560482,0.7352343735726632,0.10791157649796393,0.8242257491811337,0.48894197167590986
"frozenset({'temp_band=warm', 'day_type=weekday', 'time_band=late_evening'})",frozenset({'congestion_level=Moderate'}),0.04773875539125077,0.25000616142945165,0.04138016019716574,0.8668043366029943,3.467131896457659,1.0,0.0294451772103796,5.630767695004463,0.7472499507577874,0.16141126706402611,0.8224043231463473,0.5161604490585949
"frozenset({'temp_band=warm', 'weather_band=fair_weather', 'time_band=night'})",frozenset({'congestion_level=Low'}),0.04547134935304991,0.25000616142945165,0.03940850277264325,0.8666666666666666,3.466581230283911,1.0,0.028040385265869668,5.624953789279109,0.7454269200977179,0.153897978825794,0.8222207617232427,0.5121483964248159
"frozenset({'weather_band=fair_weather', 'time_band=night', 'temp_band=freezing'})",frozenset({'congestion_level=Low'}),0.05789279112754159,0.25000616142945165,0.050006161429451634,0.8637718177948064,3.4550021201719505,1.0,0.03553260694521795,5.505423521256935,0.754228998931596,0.19390290519877676,0.8183609315180004,0.5318957669415673
"frozenset({'temp_band=warm', 'time_band=late_evening'})",frozenset({'congestion_level=Moderate'}),0.0670856438693777,0.25000616142945165,0.05789279112754159,0.8629684055841292,3.451788550529973,1.0,0.041120966816735244,5.4731453849571885,0.761372265098871,0.22335266711039267,0.8172897064367272,0.5472669314986892
"frozenset({'time_band=night', 'temp_band=freezing'})",frozenset({'congestion_level=Low'}),0.08179913739987676,0.25000616142945165,0.07053604436229205,0.8623079240735162,3.4491466895980794,1.0,0.050085756012708565,5.446891794782607,0.7733310292194058,0.2699745307046505,0.8164090571878321,0.5722225740241398
"frozenset({'weather_band=adverse_weather', 'time_band=night', 'temp_band=freezing'})",frozenset({'congestion_level=Low'}),0.02390634627233518,0.25000616142945165,0.02052988293284042,0.8587628865979382,3.4349668891671272,1.0,0.01455314906749062,5.310175353382717,0.7262380776070055,0.0810232467658788,0.811682301722301,0.4704401972421868
"frozenset({'weather_band=fair_weather', 'time_band=night'})",frozenset({'congestion_level=Low'}),0.1653974121996303,0.25000616142945165,0.14191004313000616,0.857994337654597,3.4318927691576566,1.0,0.10055967099561183,5.281436149682007,0.8490455395740657,0.5188789762999008,0.810657561379359,0.7128102603099483
"frozenset({'temp_band=warm', 'day_type=weekday', 'time_band=night'})",frozenset({'congestion_level=Low'}),0.053555144793592115,0.25000616142945165,0.045914972273567466,0.8573400828347906,3.4292758143751603,1.0,0.032525856098923014,5.257214874883229,0.7484780955142929,0.1782092978764109,0.8097852144530784,0.520497722805408
"frozenset({'temp_band=warm', 'time_band=night'})",frozenset({'congestion_level=Low'}),0.075637707948244,0.25000616142945165,0.06467036352433765,0.8550016291951776,3.419922230342501,1.0,0.04576047050087524,5.172429417018009,0.7654960572162112,0.2478043252431769,0.8066672506521091,0.5568383540297654
frozenset({'time_band=night'}),frozenset({'congestion_level=Low'}),0.2510659272951325,0.25000616142945165,0.21422057917436846,0.8532443310101109,3.412893210837465,1.0,0.15145255042558659,5.110493132788076,0.9439996054101575,0.7467995532262222,0.8043241671563619,0.8550527648741406
"frozenset({'temp_band=cool', 'weather_band=fair_weather', 'time_band=night'})",frozenset({'congestion_level=Low'}),0.062033271719038816,0.25000616142945165,0.05249537892791128,0.8462455303933254,3.384898698315179,1.0,0.03698667878452422,4.877866903571241,0.7511675655911398,0.20225999430253536,0.7949923563375892,0.5281109355436658
"frozenset({'day_type=weekday', 'weather_band=fair_weather', 'time_band=night'})",frozenset({'congestion_level=Low'}),0.11674676524953789,0.25000616142945165,0.09855822550831793,0.844205193160228,3.376737550520135,1.0,0.06937081486897566,4.813984841881691,0.7968905628382651,0.3674875941922441,0.7922718843441311,0.6192141896400509
"frozenset({'weather_band=adverse_weather', 'time_band=night'})",frozenset({'congestion_level=Low'}),0.08566851509550216,0.25000616142945165,0.07231053604436229,0.844073647871116,3.37621138233148,1.0,0.05089287942997476,4.809923584633253,0.7697536683704849,0.27456485120718693,0.7920964891844019,0.5666543318219933
